rental_id,user_id,movie_id,rental_date,due_date,return_date,returned
1,985,338,2022-01-07,1/10/22,1/7/22,False
2,752,893,2024-05-18,5/21/24,5/23/24,True
3,780,674,2021-12-12,12/15/21,12/16/21,True
4,954,548,2025-02-01,2/4/25,2/6/25,True
5,291,755,2025-05-19,5/22/25,5/22/25,False
6,225,553,2020-02-16,2/19/20,2/21/20,False
7,327,946,2020-09-05,9/8/20,9/7/20,False
8,13,852,2025-02-17,2/20/25,2/21/25,True
9,265,580,2021-01-24,1/27/21,1/30/21,False
10,774,912,2022-10-16,10/19/22,10/17/22,False
11,707,340,2024-11-03,11/6/24,11/7/24,True
12,114,87,2020-06-22,6/25/20,6/28/20,True
13,905,746,2022-08-07,8/10/22,8/10/22,False
14,937,233,2023-02-13,2/16/23,2/18/23,False
15,599,190,2024-09-28,10/1/24,10/2/24,False
16,288,678,2021-04-25,4/28/21,4/25/21,False
17,595,200,2022-08-03,8/6/22,8/6/22,True
18,699,343,2020-10-01,10/4/20,10/7/20,False
19,527,637,2020-03-09,3/12/20,3/13/20,False
20,631,979,2022-04-13,4/16/22,4/19/22,False
21,736,27,2020-05-02,5/5/20,5/8/20,True
22,575,411,2022-10-09,10/12/22,10/14/22,False
23,372,307,2023-10-31,11/3/23,11/6/23,True
24,584,556,2024-11-17,11/20/24,11/20/24,True
25,56,649,2020-08-26,8/29/20,8/28/20,False
26,770,61,2023-10-17,10/20/23,10/17/23,False
27,542,899,2024-09-12,9/15/24,9/18/24,False
28,37,57,2024-07-26,7/29/24,7/26/24,False
29,601,748,2023-10-25,10/28/23,10/27/23,True
30,578,764,2025-05-08,5/11/25,5/14/25,False
31,307,717,2021-08-11,8/14/21,8/12/21,False
32,700,316,2021-08-16,8/19/21,8/21/21,True
33,851,86,2020-08-16,8/19/20,8/17/20,True
34,84,441,2025-04-07,4/10/25,4/12/25,False
35,740,234,2025-05-15,5/18/25,5/16/25,True
36,206,378,2020-07-07,7/10/20,7/13/20,False
37,189,513,2024-10-09,10/12/24,10/13/24,False
38,325,649,2021-05-26,5/29/21,5/28/21,True
39,398,899,2022-06-27,6/30/22,7/2/22,False
40,808,87,2021-07-02,7/5/21,7/2/21,True
41,964,302,2025-03-09,3/12/25,3/11/25,True
42,639,739,2023-09-18,9/21/23,9/19/23,True
43,640,477,2024-04-04,4/7/24,4/5/24,False
44,115,96,2021-09-20,9/23/21,9/26/21,False
45,416,755,2022-01-23,1/26/22,1/28/22,True
46,514,406,2022-03-13,3/16/22,3/13/22,False
47,481,491,2023-03-06,3/9/23,3/10/23,True
48,792,384,2023-09-09,9/12/23,9/11/23,True
49,141,264,2021-11-22,11/25/21,11/24/21,False
50,492,801,2024-03-09,3/12/24,3/12/24,True
51,810,631,2020-02-23,2/26/20,2/24/20,False
52,751,638,2024-11-10,11/13/24,11/12/24,False
53,12,784,2023-02-07,2/10/23,2/7/23,True
54,455,23,2023-11-28,12/1/23,12/3/23,False
55,1,900,2025-05-13,5/16/25,5/18/25,True
56,360,271,2021-09-01,9/4/21,9/4/21,False
57,254,840,2025-01-31,2/3/25,2/4/25,True
58,639,209,2020-02-12,2/15/20,2/17/20,True
59,392,491,2021-11-21,11/24/21,11/21/21,True
60,181,612,2024-11-06,11/9/24,11/8/24,False
61,590,764,2020-05-02,5/5/20,5/4/20,False
62,646,985,2023-08-09,8/12/23,8/15/23,False
63,782,618,2023-02-07,2/10/23,2/10/23,True
64,363,773,2022-11-07,11/10/22,11/11/22,True
65,8,417,2020-10-14,10/17/20,10/17/20,False
66,515,2,2023-02-11,2/14/23,2/13/23,True
67,73,405,2023-10-21,10/24/23,10/21/23,False
68,186,915,2023-01-27,1/30/23,1/27/23,True
69,993,10,2020-09-25,9/28/20,10/1/20,True
70,800,207,2025-04-11,4/14/25,4/12/25,False
71,396,497,2020-03-29,4/1/20,3/29/20,False
72,78,915,2021-02-11,2/14/21,2/16/21,False
73,726,166,2024-06-21,6/24/24,6/25/24,False
74,944,962,2024-02-05,2/8/24,2/8/24,True
75,529,620,2020-05-25,5/28/20,5/26/20,False
76,68,210,2024-12-23,12/26/24,12/24/24,True
77,921,813,2023-04-29,5/2/23,5/3/23,False
78,738,937,2020-05-26,5/29/20,5/28/20,True
79,661,227,2022-06-23,6/26/22,6/27/22,True
80,779,832,2020-10-20,10/23/20,10/23/20,True
81,716,867,2025-04-03,4/6/25,4/5/25,False
82,440,194,2022-03-27,3/30/22,3/27/22,True
83,707,673,2022-01-16,1/19/22,1/16/22,False
84,898,154,2022-07-22,7/25/22,7/24/22,False
85,646,934,2025-06-09,6/12/25,6/11/25,True
86,291,165,2024-09-04,9/7/24,9/7/24,True
87,546,877,2020-09-22,9/25/20,9/24/20,False
88,764,987,2022-01-01,1/4/22,1/6/22,False
89,204,571,2023-03-23,3/26/23,3/28/23,True
90,873,706,2020-02-26,2/29/20,2/29/20,True
91,823,930,2021-05-16,5/19/21,5/22/21,False
92,661,425,2024-11-23,11/26/24,11/27/24,True
93,127,522,2022-10-16,10/19/22,10/22/22,True
94,209,357,2025-06-20,6/23/25,6/24/25,True
95,781,669,2025-05-28,5/31/25,6/1/25,False
96,250,725,2021-12-09,12/12/21,12/12/21,False
97,123,897,2024-08-28,8/31/24,8/30/24,False
98,7,729,2021-06-30,7/3/21,7/5/21,False
99,502,278,2024-12-17,12/20/24,12/19/24,True
100,284,326,2023-05-22,5/25/23,5/22/23,False
101,294,955,2020-08-02,8/5/20,8/5/20,False
102,631,7,2022-06-05,6/8/22,6/6/22,False
103,244,935,2022-05-19,5/22/22,5/19/22,True
104,262,545,2021-07-03,7/6/21,7/3/21,False
105,534,247,2022-11-07,11/10/22,11/8/22,True
106,920,452,2020-12-29,1/1/21,12/30/20,True
107,923,691,2020-01-21,1/24/20,1/22/20,False
108,452,354,2022-09-21,9/24/22,9/26/22,True
109,156,890,2022-10-28,10/31/22,10/29/22,False
110,434,38,2025-05-16,5/19/25,5/17/25,True
111,144,375,2022-12-06,12/9/22,12/7/22,False
112,963,707,2021-06-10,6/13/21,6/14/21,False
113,80,556,2020-10-18,10/21/20,10/21/20,True
114,78,230,2023-04-13,4/16/23,4/18/23,False
115,948,713,2024-01-29,2/1/24,1/30/24,False
116,122,135,2020-10-11,10/14/20,10/16/20,True
117,749,903,2024-12-04,12/7/24,12/6/24,False
118,380,991,2023-08-16,8/19/23,8/19/23,True
119,652,108,2024-02-29,3/3/24,2/29/24,False
120,877,316,2020-12-18,12/21/20,12/18/20,True
121,379,317,2022-06-19,6/22/22,6/24/22,True
122,520,877,2025-02-06,2/9/25,2/8/25,True
123,370,829,2022-07-04,7/7/22,7/8/22,False
124,404,725,2024-02-11,2/14/24,2/12/24,True
125,291,481,2021-12-25,12/28/21,12/30/21,False
126,146,35,2022-02-04,2/7/22,2/7/22,False
127,662,173,2024-03-08,3/11/24,3/13/24,False
128,786,948,2021-07-24,7/27/21,7/25/21,True
129,958,367,2024-04-30,5/3/24,5/6/24,True
130,778,129,2021-03-27,3/30/21,3/30/21,True
131,14,63,2020-09-02,9/5/20,9/2/20,True
132,47,853,2021-02-18,2/21/21,2/24/21,False
133,498,389,2021-04-27,4/30/21,5/1/21,True
134,83,111,2021-04-02,4/5/21,4/8/21,False
135,855,962,2023-09-26,9/29/23,9/30/23,True
136,278,40,2021-06-26,6/29/21,7/2/21,False
137,293,474,2021-09-20,9/23/21,9/25/21,True
138,780,418,2021-07-21,7/24/21,7/23/21,False
139,374,631,2021-03-16,3/19/21,3/16/21,False
140,985,870,2021-01-21,1/24/21,1/26/21,False
141,889,389,2020-04-26,4/29/20,4/29/20,True
142,219,157,2023-12-06,12/9/23,12/10/23,True
143,98,343,2024-09-17,9/20/24,9/22/24,False
144,705,37,2022-10-22,10/25/22,10/26/22,False
145,488,422,2022-05-16,5/19/22,5/16/22,False
146,556,278,2021-04-15,4/18/21,4/18/21,False
147,735,883,2021-11-25,11/28/21,12/1/21,False
148,49,335,2022-02-17,2/20/22,2/22/22,False
149,211,343,2025-01-30,2/2/25,2/3/25,True
150,815,862,2022-09-09,9/12/22,9/13/22,False
151,848,982,2025-01-17,1/20/25,1/20/25,False
152,845,714,2022-01-17,1/20/22,1/18/22,True
153,334,376,2021-03-28,3/31/21,4/1/21,False
154,798,88,2020-02-21,2/24/20,2/21/20,False
155,379,724,2020-06-22,6/25/20,6/27/20,False
156,569,928,2022-10-02,10/5/22,10/5/22,True
157,318,414,2020-09-19,9/22/20,9/21/20,False
158,564,580,2022-08-28,8/31/22,8/31/22,True
159,111,51,2020-10-11,10/14/20,10/14/20,False
160,666,825,2023-10-19,10/22/23,10/22/23,True
161,426,562,2024-02-15,2/18/24,2/19/24,False
162,451,555,2024-05-31,6/3/24,5/31/24,False
163,36,736,2025-05-23,5/26/25,5/28/25,False
164,685,177,2024-02-01,2/4/24,2/7/24,True
165,998,820,2024-01-26,1/29/24,1/27/24,False
166,352,956,2020-03-22,3/25/20,3/22/20,False
167,809,608,2023-08-24,8/27/23,8/29/23,True
168,472,670,2023-01-31,2/3/23,1/31/23,False
169,852,264,2021-08-21,8/24/21,8/27/21,False
170,468,379,2021-09-03,9/6/21,9/9/21,True
171,338,563,2025-04-07,4/10/25,4/8/25,False
172,125,322,2023-10-13,10/16/23,10/16/23,True
173,329,997,2022-07-22,7/25/22,7/22/22,False
174,330,884,2021-12-23,12/26/21,12/29/21,False
175,187,638,2022-05-22,5/25/22,5/27/22,True
176,409,125,2020-02-25,2/28/20,3/1/20,False
177,957,34,2020-03-28,3/31/20,3/28/20,False
178,705,906,2024-05-20,5/23/24,5/25/24,False
179,462,630,2025-03-27,3/30/25,4/1/25,True
180,980,277,2025-07-11,7/14/25,7/12/25,False
181,997,857,2022-01-11,1/14/22,1/16/22,False
182,486,544,2021-12-09,12/12/21,12/13/21,False
183,446,683,2022-03-21,3/24/22,3/21/22,True
184,795,640,2021-10-26,10/29/21,10/28/21,False
185,342,120,2024-03-24,3/27/24,3/25/24,False
186,240,730,2023-09-01,9/4/23,9/7/23,False
187,129,841,2020-11-24,11/27/20,11/26/20,True
188,462,690,2024-06-01,6/4/24,6/7/24,False
189,255,527,2021-01-03,1/6/21,1/4/21,False
190,595,432,2021-10-03,10/6/21,10/9/21,True
191,846,807,2022-02-27,3/2/22,3/5/22,False
192,777,604,2025-01-01,1/4/25,1/3/25,True
193,727,946,2020-05-20,5/23/20,5/21/20,False
194,406,950,2021-09-03,9/6/21,9/3/21,False
195,804,195,2020-09-25,9/28/20,10/1/20,False
196,801,587,2020-11-04,11/7/20,11/5/20,True
197,122,104,2024-05-03,5/6/24,5/7/24,True
198,218,284,2022-08-30,9/2/22,9/2/22,False
199,967,139,2020-05-20,5/23/20,5/25/20,False
200,963,92,2024-03-17,3/20/24,3/17/24,False
201,993,957,2023-01-08,1/11/23,1/12/23,True
202,44,840,2021-07-15,7/18/21,7/21/21,True
203,423,479,2021-06-13,6/16/21,6/15/21,False
204,934,874,2024-07-11,7/14/24,7/11/24,True
205,718,262,2020-04-24,4/27/20,4/29/20,True
206,574,283,2021-05-24,5/27/21,5/28/21,False
207,125,348,2022-06-15,6/18/22,6/18/22,False
208,953,222,2020-12-23,12/26/20,12/27/20,True
209,612,168,2025-07-06,7/9/25,7/9/25,False
210,813,225,2021-11-02,11/5/21,11/6/21,True
211,508,961,2023-07-03,7/6/23,7/6/23,True
212,334,340,2024-08-02,8/5/24,8/7/24,True
213,115,520,2023-11-17,11/20/23,11/18/23,True
214,288,23,2025-02-20,2/23/25,2/20/25,False
215,329,210,2020-05-10,5/13/20,5/16/20,True
216,220,177,2022-12-01,12/4/22,12/1/22,False
217,923,269,2021-02-01,2/4/21,2/7/21,True
218,356,946,2024-06-17,6/20/24,6/17/24,True
219,305,324,2021-08-23,8/26/21,8/26/21,True
220,904,825,2023-12-03,12/6/23,12/7/23,False
221,416,641,2024-01-02,1/5/24,1/5/24,True
222,545,442,2024-10-30,11/2/24,10/31/24,False
223,479,508,2022-08-12,8/15/22,8/12/22,False
224,514,446,2022-03-29,4/1/22,3/30/22,False
225,641,581,2022-06-16,6/19/22,6/21/22,True
226,728,809,2025-02-12,2/15/25,2/18/25,True
227,195,262,2020-01-26,1/29/20,1/31/20,False
228,59,793,2021-10-30,11/2/21,11/1/21,False
229,949,380,2021-01-10,1/13/21,1/16/21,False
230,768,623,2022-04-05,4/8/22,4/6/22,True
231,242,600,2025-04-08,4/11/25,4/12/25,False
232,346,309,2024-06-06,6/9/24,6/6/24,False
233,975,122,2021-01-22,1/25/21,1/23/21,True
234,745,627,2023-03-11,3/14/23,3/14/23,True
235,705,760,2020-09-02,9/5/20,9/7/20,False
236,415,951,2023-10-27,10/30/23,10/29/23,False
237,247,585,2022-10-14,10/17/22,10/17/22,True
238,246,123,2025-02-09,2/12/25,2/10/25,True
239,938,809,2024-10-06,10/9/24,10/10/24,True
240,363,758,2023-04-09,4/12/23,4/9/23,True
241,507,759,2020-02-01,2/4/20,2/4/20,True
242,907,926,2023-12-28,12/31/23,1/1/24,False
243,801,952,2024-01-02,1/5/24,1/4/24,False
244,838,831,2022-01-07,1/10/22,1/7/22,False
245,570,470,2022-12-21,12/24/22,12/26/22,False
246,128,999,2022-03-27,3/30/22,3/28/22,False
247,808,95,2025-07-12,7/15/25,7/15/25,True
248,951,259,2024-03-16,3/19/24,3/21/24,True
249,191,168,2023-01-27,1/30/23,1/29/23,True
250,251,173,2020-03-26,3/29/20,4/1/20,True
251,387,720,2023-03-09,3/12/23,3/11/23,True
252,292,781,2020-10-01,10/4/20,10/4/20,False
253,213,543,2021-01-02,1/5/21,1/6/21,False
254,739,937,2020-05-21,5/24/20,5/26/20,False
255,303,29,2024-11-23,11/26/24,11/29/24,False
256,899,154,2024-08-10,8/13/24,8/13/24,False
257,63,878,2024-09-13,9/16/24,9/18/24,True
258,884,780,2024-12-27,12/30/24,12/27/24,True
259,297,285,2021-07-27,7/30/21,7/28/21,False
260,975,146,2023-11-15,11/18/23,11/20/23,True
261,347,422,2020-03-26,3/29/20,3/29/20,False
262,944,729,2023-07-27,7/30/23,8/1/23,False
263,63,436,2024-10-16,10/19/24,10/19/24,True
264,554,958,2023-04-21,4/24/23,4/22/23,True
265,351,30,2023-02-28,3/3/23,3/5/23,False
266,5,44,2025-05-11,5/14/25,5/12/25,True
267,553,757,2020-10-13,10/16/20,10/19/20,False
268,333,379,2024-03-06,3/9/24,3/7/24,True
269,800,705,2022-01-31,2/3/22,2/4/22,True
270,933,746,2021-02-19,2/22/21,2/23/21,True
271,869,959,2022-08-24,8/27/22,8/25/22,False
272,207,673,2021-11-10,11/13/21,11/16/21,True
273,851,752,2020-03-08,3/11/20,3/13/20,True
274,435,702,2022-03-07,3/10/22,3/7/22,True
275,838,882,2022-10-13,10/16/22,10/19/22,True
276,996,969,2024-01-12,1/15/24,1/17/24,True
277,272,787,2024-10-25,10/28/24,10/30/24,True
278,651,830,2023-04-11,4/14/23,4/15/23,True
279,97,426,2021-02-04,2/7/21,2/9/21,True
280,250,903,2023-03-05,3/8/23,3/8/23,True
281,68,566,2020-09-12,9/15/20,9/12/20,True
282,355,457,2020-10-22,10/25/20,10/28/20,False
283,200,658,2022-11-27,11/30/22,12/2/22,False
284,281,335,2021-02-15,2/18/21,2/16/21,False
285,658,616,2023-07-22,7/25/23,7/25/23,False
286,650,216,2025-01-19,1/22/25,1/25/25,False
287,934,571,2022-06-02,6/5/22,6/6/22,True
288,675,11,2021-07-29,8/1/21,8/4/21,False
289,105,989,2025-05-20,5/23/25,5/26/25,True
290,688,684,2020-08-08,8/11/20,8/9/20,True
291,545,790,2020-11-22,11/25/20,11/22/20,True
292,142,986,2022-12-30,1/2/23,1/3/23,True
293,71,413,2025-06-13,6/16/25,6/14/25,True
294,67,30,2021-06-25,6/28/21,6/26/21,True
295,397,615,2024-07-11,7/14/24,7/12/24,True
296,535,302,2021-07-07,7/10/21,7/7/21,False
297,108,358,2024-03-27,3/30/24,3/30/24,True
298,926,477,2021-10-03,10/6/21,10/4/21,True
299,916,199,2023-06-21,6/24/23,6/27/23,False
300,899,561,2022-01-24,1/27/22,1/29/22,False
301,293,967,2020-11-25,11/28/20,11/29/20,False
302,789,546,2021-12-12,12/15/21,12/17/21,True
303,812,661,2024-02-05,2/8/24,2/10/24,False
304,975,724,2025-08-02,8/5/25,8/4/25,True
305,196,245,2020-04-24,4/27/20,4/25/20,True
306,1000,884,2023-10-05,10/8/23,10/5/23,False
307,649,314,2023-05-22,5/25/23,5/26/23,True
308,483,131,2022-05-24,5/27/22,5/30/22,True
309,520,119,2021-03-25,3/28/21,3/27/21,False
310,284,786,2024-05-08,5/11/24,5/13/24,False
311,541,329,2023-09-19,9/22/23,9/20/23,False
312,242,934,2022-11-29,12/2/22,12/4/22,True
313,716,599,2021-03-02,3/5/21,3/6/21,True
314,908,72,2022-12-07,12/10/22,12/12/22,False
315,933,410,2020-01-21,1/24/20,1/21/20,True
316,575,337,2022-02-09,2/12/22,2/12/22,False
317,308,535,2025-04-07,4/10/25,4/12/25,False
318,846,36,2020-06-18,6/21/20,6/23/20,False
319,743,715,2023-08-22,8/25/23,8/24/23,True
320,850,472,2023-01-14,1/17/23,1/19/23,False
321,313,88,2024-10-26,10/29/24,10/26/24,False
322,258,415,2023-02-07,2/10/23,2/8/23,True
323,107,570,2022-03-09,3/12/22,3/11/22,False
324,141,342,2021-09-21,9/24/21,9/21/21,False
325,708,890,2023-09-01,9/4/23,9/3/23,True
326,276,881,2022-11-01,11/4/22,11/7/22,False
327,559,45,2020-08-22,8/25/20,8/25/20,True
328,152,411,2020-07-12,7/15/20,7/15/20,False
329,702,196,2021-06-05,6/8/21,6/5/21,True
330,199,774,2021-02-01,2/4/21,2/1/21,False
331,425,646,2020-12-13,12/16/20,12/15/20,True
332,253,497,2022-07-29,8/1/22,7/29/22,True
333,596,176,2023-09-12,9/15/23,9/13/23,False
334,60,351,2023-01-23,1/26/23,1/29/23,False
335,243,472,2022-05-28,5/31/22,6/1/22,False
336,586,484,2020-06-28,7/1/20,7/4/20,True
337,906,909,2024-07-27,7/30/24,7/31/24,False
338,571,678,2024-08-06,8/9/24,8/10/24,False
339,733,192,2024-07-08,7/11/24,7/8/24,False
340,864,218,2024-11-14,11/17/24,11/17/24,False
341,605,96,2024-05-09,5/12/24,5/13/24,False
342,554,109,2020-01-27,1/30/20,2/2/20,True
343,527,296,2025-05-19,5/22/25,5/22/25,True
344,128,781,2024-09-07,9/10/24,9/13/24,True
345,694,608,2020-03-28,3/31/20,3/28/20,False
346,67,878,2022-08-10,8/13/22,8/11/22,True
347,173,904,2024-03-16,3/19/24,3/21/24,False
348,674,320,2023-02-20,2/23/23,2/25/23,True
349,54,218,2024-10-22,10/25/24,10/24/24,True
350,551,804,2021-12-27,12/30/21,1/1/22,False
351,895,85,2025-07-21,7/24/25,7/24/25,True
352,983,591,2020-09-08,9/11/20,9/14/20,True
353,175,317,2025-04-04,4/7/25,4/10/25,False
354,362,91,2023-02-15,2/18/23,2/15/23,False
355,516,360,2021-08-31,9/3/21,9/4/21,False
356,887,567,2023-07-14,7/17/23,7/20/23,False
357,16,396,2023-07-03,7/6/23,7/7/23,True
358,835,319,2024-02-27,3/1/24,2/29/24,False
359,42,300,2021-12-25,12/28/21,12/25/21,True
360,604,939,2022-08-29,9/1/22,9/2/22,False
361,365,172,2023-01-09,1/12/23,1/9/23,True
362,585,813,2021-07-06,7/9/21,7/11/21,False
363,143,581,2025-03-12,3/15/25,3/17/25,True
364,528,89,2023-01-07,1/10/23,1/10/23,True
365,641,901,2021-08-31,9/3/21,9/4/21,False
366,777,881,2024-10-14,10/17/24,10/19/24,True
367,986,782,2024-01-27,1/30/24,1/28/24,False
368,366,112,2021-04-06,4/9/21,4/7/21,False
369,820,907,2022-03-22,3/25/22,3/27/22,False
370,960,266,2020-05-16,5/19/20,5/22/20,True
371,630,904,2021-04-26,4/29/21,5/2/21,False
372,763,573,2023-04-25,4/28/23,4/25/23,True
373,569,354,2022-06-25,6/28/22,6/30/22,True
374,732,946,2023-02-18,2/21/23,2/21/23,True
375,217,842,2025-03-08,3/11/25,3/14/25,False
376,466,661,2021-11-20,11/23/21,11/24/21,False
377,612,71,2023-12-20,12/23/23,12/22/23,False
378,910,312,2023-04-02,4/5/23,4/3/23,True
379,565,60,2021-02-19,2/22/21,2/21/21,True
380,69,750,2023-10-08,10/11/23,10/14/23,True
381,679,401,2024-12-18,12/21/24,12/23/24,False
382,468,461,2023-10-08,10/11/23,10/13/23,False
383,430,409,2025-06-04,6/7/25,6/5/25,False
384,26,640,2023-08-03,8/6/23,8/7/23,True
385,654,398,2021-08-30,9/2/21,9/1/21,True
386,350,472,2024-07-30,8/2/24,8/5/24,False
387,210,267,2025-04-07,4/10/25,4/7/25,True
388,133,572,2020-12-25,12/28/20,12/30/20,False
389,796,384,2021-06-07,6/10/21,6/8/21,False
390,368,822,2024-06-24,6/27/24,6/24/24,False
391,24,17,2021-04-02,4/5/21,4/4/21,True
392,532,70,2022-06-12,6/15/22,6/17/22,True
393,99,937,2021-10-12,10/15/21,10/13/21,False
394,929,589,2024-11-06,11/9/24,11/7/24,False
395,784,125,2020-03-14,3/17/20,3/17/20,False
396,514,295,2020-02-25,2/28/20,2/28/20,True
397,402,766,2020-12-26,12/29/20,12/29/20,False
398,316,318,2025-06-22,6/25/25,6/24/25,True
399,420,440,2022-08-19,8/22/22,8/19/22,False
400,371,642,2023-11-07,11/10/23,11/9/23,False
401,266,341,2024-01-23,1/26/24,1/26/24,False
402,942,789,2025-05-01,5/4/25,5/7/25,False
403,284,916,2022-07-03,7/6/22,7/9/22,True
404,893,298,2022-01-01,1/4/22,1/1/22,True
405,399,807,2021-02-07,2/10/21,2/7/21,False
406,303,940,2025-05-23,5/26/25,5/27/25,True
407,964,804,2024-09-05,9/8/24,9/5/24,True
408,27,477,2020-04-12,4/15/20,4/12/20,True
409,370,534,2023-02-22,2/25/23,2/25/23,False
410,398,235,2023-08-11,8/14/23,8/14/23,False
411,224,997,2024-12-17,12/20/24,12/18/24,True
412,264,859,2020-05-02,5/5/20,5/3/20,True
413,486,134,2020-05-17,5/20/20,5/17/20,True
414,164,548,2022-06-30,7/3/22,7/3/22,False
415,265,752,2020-10-11,10/14/20,10/17/20,True
416,45,103,2023-02-01,2/4/23,2/7/23,True
417,980,69,2025-02-12,2/15/25,2/16/25,False
418,438,734,2023-10-17,10/20/23,10/17/23,False
419,446,575,2022-02-05,2/8/22,2/11/22,False
420,294,14,2021-02-05,2/8/21,2/11/21,True
421,421,601,2025-02-20,2/23/25,2/24/25,False
422,740,435,2021-12-08,12/11/21,12/9/21,False
423,469,884,2020-08-23,8/26/20,8/25/20,False
424,869,760,2024-10-01,10/4/24,10/7/24,True
425,129,711,2023-12-29,1/1/24,12/31/23,False
426,433,24,2022-10-01,10/4/22,10/3/22,True
427,277,542,2020-08-04,8/7/20,8/8/20,False
428,536,982,2020-02-27,3/1/20,2/28/20,True
429,304,461,2023-01-17,1/20/23,1/23/23,True
430,366,207,2025-04-04,4/7/25,4/7/25,True
431,983,891,2024-05-17,5/20/24,5/20/24,True
432,525,952,2021-08-21,8/24/21,8/27/21,True
433,398,329,2021-12-25,12/28/21,12/27/21,True
434,614,239,2021-12-01,12/4/21,12/6/21,True
435,997,775,2023-06-25,6/28/23,6/28/23,True
436,524,902,2020-10-03,10/6/20,10/6/20,False
437,420,594,2023-08-18,8/21/23,8/24/23,True
438,473,958,2025-02-27,3/2/25,3/4/25,True
439,929,624,2025-03-06,3/9/25,3/7/25,False
440,820,369,2025-05-22,5/25/25,5/25/25,True
441,999,172,2020-09-23,9/26/20,9/23/20,True
442,574,945,2021-12-23,12/26/21,12/26/21,False
443,794,393,2021-07-08,7/11/21,7/12/21,False
444,807,534,2024-11-19,11/22/24,11/23/24,True
445,722,266,2022-12-15,12/18/22,12/16/22,False
446,908,451,2024-12-19,12/22/24,12/21/24,True
447,470,524,2024-03-19,3/22/24,3/23/24,False
448,337,881,2023-06-02,6/5/23,6/6/23,False
449,881,4,2022-03-19,3/22/22,3/25/22,True
450,245,622,2021-07-02,7/5/21,7/4/21,True
451,823,946,2022-11-19,11/22/22,11/25/22,False
452,744,479,2021-06-12,6/15/21,6/16/21,True
453,602,958,2023-07-01,7/4/23,7/3/23,True
454,192,978,2022-10-11,10/14/22,10/12/22,True
455,925,872,2022-12-05,12/8/22,12/5/22,False
456,398,800,2024-03-08,3/11/24,3/10/24,False
457,577,12,2025-05-13,5/16/25,5/16/25,True
458,586,601,2024-12-10,12/13/24,12/14/24,False
459,231,969,2024-09-12,9/15/24,9/13/24,True
460,581,936,2023-09-12,9/15/23,9/18/23,False
461,412,435,2024-03-24,3/27/24,3/25/24,False
462,404,886,2025-02-02,2/5/25,2/6/25,True
463,138,576,2024-02-20,2/23/24,2/24/24,False
464,570,311,2025-03-07,3/10/25,3/10/25,False
465,986,63,2020-05-22,5/25/20,5/24/20,True
466,398,939,2021-06-23,6/26/21,6/28/21,False
467,130,890,2023-07-11,7/14/23,7/12/23,True
468,643,301,2022-11-25,11/28/22,11/30/22,True
469,269,188,2020-05-12,5/15/20,5/14/20,False
470,561,876,2020-08-11,8/14/20,8/11/20,False
471,157,768,2022-01-17,1/20/22,1/23/22,False
472,868,573,2023-10-24,10/27/23,10/30/23,False
473,888,988,2022-02-07,2/10/22,2/8/22,False
474,511,506,2022-11-26,11/29/22,12/2/22,False
475,603,976,2023-05-15,5/18/23,5/18/23,False
476,441,339,2020-09-23,9/26/20,9/29/20,False
477,174,527,2023-11-13,11/16/23,11/13/23,False
478,405,31,2021-08-30,9/2/21,9/3/21,False
479,293,422,2021-12-28,12/31/21,12/29/21,True
480,673,74,2020-03-04,3/7/20,3/5/20,True
481,920,27,2022-03-22,3/25/22,3/26/22,True
482,679,96,2020-04-24,4/27/20,4/24/20,True
483,135,983,2024-12-04,12/7/24,12/4/24,False
484,862,811,2020-03-16,3/19/20,3/22/20,False
485,831,90,2021-05-01,5/4/21,5/3/21,False
486,283,391,2021-01-21,1/24/21,1/25/21,False
487,88,616,2025-05-13,5/16/25,5/17/25,False
488,214,123,2020-06-25,6/28/20,6/26/20,True
489,302,281,2024-03-19,3/22/24,3/21/24,False
490,437,822,2020-05-31,6/3/20,5/31/20,False
491,28,251,2024-11-02,11/5/24,11/7/24,False
492,788,162,2024-06-17,6/20/24,6/19/24,False
493,787,879,2020-03-03,3/6/20,3/5/20,False
494,235,276,2023-12-02,12/5/23,12/7/23,False
495,326,569,2022-09-16,9/19/22,9/20/22,True
496,88,203,2021-11-15,11/18/21,11/20/21,True
497,805,236,2022-12-15,12/18/22,12/21/22,True
498,475,220,2023-08-07,8/10/23,8/7/23,True
499,300,617,2025-06-23,6/26/25,6/28/25,False
500,597,11,2020-11-09,11/12/20,11/10/20,True
501,533,632,2024-03-30,4/2/24,4/3/24,True
502,496,102,2022-02-05,2/8/22,2/5/22,False
503,517,785,2022-05-29,6/1/22,5/30/22,False
504,830,420,2023-01-10,1/13/23,1/12/23,True
505,841,545,2023-09-19,9/22/23,9/22/23,True
506,971,515,2022-06-13,6/16/22,6/19/22,False
507,983,741,2023-11-09,11/12/23,11/14/23,True
508,630,861,2024-12-02,12/5/24,12/6/24,True
509,808,139,2023-12-02,12/5/23,12/7/23,False
510,560,673,2024-01-29,2/1/24,2/4/24,True
511,936,890,2021-01-18,1/21/21,1/24/21,False
512,800,38,2023-06-28,7/1/23,6/30/23,True
513,92,612,2022-10-20,10/23/22,10/20/22,True
514,557,497,2023-06-05,6/8/23,6/11/23,True
515,611,783,2022-12-20,12/23/22,12/21/22,True
516,746,543,2020-12-16,12/19/20,12/17/20,False
517,232,201,2020-12-26,12/29/20,12/26/20,True
518,834,460,2023-04-14,4/17/23,4/20/23,True
519,627,505,2022-07-07,7/10/22,7/9/22,True
520,42,107,2025-06-06,6/9/25,6/8/25,True
521,911,797,2020-07-31,8/3/20,8/1/20,True
522,849,606,2021-09-12,9/15/21,9/14/21,True
523,608,546,2022-02-15,2/18/22,2/18/22,True
524,862,919,2024-04-14,4/17/24,4/18/24,False
525,116,606,2024-04-29,5/2/24,5/4/24,True
526,380,733,2023-06-28,7/1/23,6/28/23,False
527,809,765,2021-08-02,8/5/21,8/4/21,False
528,854,528,2021-05-30,6/2/21,5/31/21,True
529,817,612,2021-11-27,11/30/21,12/2/21,True
530,790,592,2020-10-01,10/4/20,10/1/20,True
531,487,717,2023-12-30,1/2/24,1/4/24,True
532,625,480,2020-08-21,8/24/20,8/21/20,True
533,504,486,2025-07-04,7/7/25,7/9/25,False
534,832,909,2022-10-11,10/14/22,10/17/22,True
535,158,356,2022-10-06,10/9/22,10/6/22,True
536,916,486,2025-03-10,3/13/25,3/13/25,False
537,512,999,2025-05-10,5/13/25,5/11/25,False
538,881,702,2025-04-01,4/4/25,4/3/25,False
539,431,481,2020-10-16,10/19/20,10/16/20,False
540,606,347,2025-02-03,2/6/25,2/6/25,True
541,700,58,2024-05-08,5/11/24,5/9/24,False
542,228,66,2021-08-01,8/4/21,8/2/21,True
543,897,98,2022-05-24,5/27/22,5/26/22,False
544,493,926,2020-01-03,1/6/20,1/7/20,True
545,602,207,2020-10-19,10/22/20,10/20/20,False
546,443,179,2022-12-08,12/11/22,12/10/22,False
547,823,225,2023-10-12,10/15/23,10/14/23,True
548,533,798,2022-04-06,4/9/22,4/12/22,True
549,321,283,2025-02-17,2/20/25,2/18/25,True
550,7,806,2021-06-22,6/25/21,6/28/21,True
551,797,967,2022-09-21,9/24/22,9/27/22,True
552,357,957,2023-12-01,12/4/23,12/7/23,True
553,204,699,2025-03-10,3/13/25,3/15/25,True
554,434,703,2022-07-08,7/11/22,7/14/22,False
555,641,371,2021-06-30,7/3/21,7/4/21,True
556,348,929,2022-10-02,10/5/22,10/2/22,False
557,517,37,2020-12-22,12/25/20,12/23/20,True
558,413,11,2023-03-28,3/31/23,3/31/23,False
559,10,308,2020-02-03,2/6/20,2/7/20,False
560,347,604,2022-09-14,9/17/22,9/14/22,True
561,95,106,2021-09-18,9/21/21,9/18/21,False
562,350,333,2021-08-14,8/17/21,8/19/21,False
563,721,546,2021-02-22,2/25/21,2/23/21,False
564,353,980,2022-08-02,8/5/22,8/8/22,False
565,732,543,2022-12-16,12/19/22,12/19/22,True
566,28,6,2025-01-26,1/29/25,1/26/25,False
567,444,455,2023-02-04,2/7/23,2/10/23,False
568,770,80,2025-03-11,3/14/25,3/13/25,True
569,808,692,2020-10-23,10/26/20,10/26/20,True
570,445,81,2025-03-16,3/19/25,3/18/25,False
571,339,404,2022-11-05,11/8/22,11/11/22,False
572,938,532,2022-03-22,3/25/22,3/22/22,True
573,869,604,2020-05-08,5/11/20,5/13/20,False
574,713,606,2021-05-22,5/25/21,5/24/21,False
575,398,412,2020-04-15,4/18/20,4/17/20,True
576,579,173,2020-10-01,10/4/20,10/4/20,False
577,789,401,2024-07-14,7/17/24,7/16/24,False
578,833,607,2021-07-31,8/3/21,7/31/21,True
579,365,147,2022-10-14,10/17/22,10/17/22,True
580,373,107,2020-11-29,12/2/20,11/30/20,False
581,278,139,2020-10-06,10/9/20,10/10/20,True
582,929,165,2020-11-02,11/5/20,11/2/20,True
583,408,939,2024-05-09,5/12/24,5/9/24,True
584,648,613,2023-10-11,10/14/23,10/12/23,True
585,161,79,2023-06-22,6/25/23,6/27/23,True
586,906,633,2025-05-11,5/14/25,5/11/25,True
587,730,138,2022-05-14,5/17/22,5/19/22,True
588,691,302,2022-08-26,8/29/22,8/27/22,True
589,760,157,2024-09-11,9/14/24,9/14/24,False
590,449,577,2024-01-18,1/21/24,1/21/24,False
591,662,79,2024-08-23,8/26/24,8/25/24,False
592,874,234,2023-03-05,3/8/23,3/10/23,True
593,478,625,2022-05-28,5/31/22,5/31/22,False
594,5,18,2022-04-29,5/2/22,4/30/22,False
595,762,396,2020-10-23,10/26/20,10/24/20,True
596,995,87,2023-02-13,2/16/23,2/16/23,True
597,104,246,2021-04-08,4/11/21,4/13/21,True
598,107,264,2023-06-13,6/16/23,6/16/23,False
599,389,215,2022-02-20,2/23/22,2/24/22,False
600,149,552,2023-06-13,6/16/23,6/18/23,True
601,713,158,2023-07-08,7/11/23,7/8/23,False
602,769,961,2020-11-03,11/6/20,11/9/20,True
603,306,622,2024-04-16,4/19/24,4/20/24,False
604,512,285,2021-11-28,12/1/21,11/28/21,True
605,998,701,2022-08-22,8/25/22,8/22/22,False
606,661,490,2024-04-20,4/23/24,4/20/24,True
607,757,417,2022-08-02,8/5/22,8/5/22,False
608,595,335,2023-03-26,3/29/23,3/31/23,True
609,523,969,2020-09-05,9/8/20,9/5/20,True
610,732,145,2024-04-20,4/23/24,4/25/24,True
611,852,372,2024-12-22,12/25/24,12/26/24,False
612,884,569,2022-08-30,9/2/22,9/1/22,True
613,331,167,2024-09-28,10/1/24,9/28/24,True
614,710,255,2023-07-21,7/24/23,7/22/23,True
615,181,855,2023-01-18,1/21/23,1/18/23,True
616,926,373,2021-02-03,2/6/21,2/3/21,False
617,980,941,2024-02-03,2/6/24,2/5/24,False
618,16,219,2022-08-26,8/29/22,8/27/22,False
619,193,931,2021-01-21,1/24/21,1/21/21,False
620,858,653,2024-03-14,3/17/24,3/18/24,False
621,995,626,2021-01-03,1/6/21,1/3/21,True
622,617,792,2021-06-09,6/12/21,6/10/21,True
623,409,953,2025-05-13,5/16/25,5/14/25,False
624,589,303,2021-04-15,4/18/21,4/19/21,True
625,685,181,2020-07-16,7/19/20,7/17/20,True
626,524,131,2024-09-13,9/16/24,9/18/24,False
627,133,351,2023-08-16,8/19/23,8/18/23,True
628,611,372,2024-02-26,2/29/24,3/3/24,True
629,761,391,2021-03-20,3/23/21,3/23/21,True
630,370,975,2024-11-12,11/15/24,11/16/24,False
631,355,187,2021-09-17,9/20/21,9/21/21,False
632,979,16,2022-09-06,9/9/22,9/11/22,True
633,140,246,2021-06-22,6/25/21,6/23/21,False
634,346,13,2020-11-15,11/18/20,11/17/20,False
635,364,43,2025-06-10,6/13/25,6/10/25,False
636,604,812,2024-05-11,5/14/24,5/13/24,False
637,291,579,2021-04-03,4/6/21,4/3/21,False
638,85,5,2025-02-05,2/8/25,2/6/25,True
639,378,6,2024-04-17,4/20/24,4/18/24,False
640,307,836,2021-12-12,12/15/21,12/14/21,False
641,150,719,2024-10-22,10/25/24,10/24/24,True
642,636,341,2022-04-17,4/20/22,4/18/22,False
643,355,510,2024-03-15,3/18/24,3/20/24,False
644,157,423,2024-09-04,9/7/24,9/10/24,True
645,540,21,2022-02-02,2/5/22,2/7/22,True
646,933,235,2023-08-29,9/1/23,9/3/23,False
647,781,875,2020-11-28,12/1/20,12/1/20,False
648,511,472,2023-01-27,1/30/23,1/27/23,True
649,134,732,2025-01-16,1/19/25,1/20/25,True
650,882,98,2021-11-19,11/22/21,11/24/21,False
651,22,689,2024-02-27,3/1/24,2/29/24,True
652,688,838,2024-11-01,11/4/24,11/1/24,True
653,258,438,2024-02-13,2/16/24,2/19/24,True
654,632,783,2023-04-22,4/25/23,4/26/23,False
655,925,228,2021-12-05,12/8/21,12/9/21,True
656,699,997,2025-07-05,7/8/25,7/6/25,True
657,171,152,2024-08-26,8/29/24,8/31/24,False
658,99,263,2024-04-12,4/15/24,4/13/24,False
659,979,526,2024-03-06,3/9/24,3/8/24,True
660,551,454,2025-04-19,4/22/25,4/21/25,False
661,348,994,2024-02-02,2/5/24,2/2/24,False
662,97,848,2021-04-10,4/13/21,4/12/21,False
663,623,641,2024-07-30,8/2/24,8/5/24,False
664,56,10,2024-09-11,9/14/24,9/14/24,False
665,236,759,2024-03-06,3/9/24,3/12/24,True
666,358,243,2021-09-01,9/4/21,9/2/21,False
667,591,400,2022-09-28,10/1/22,9/29/22,False
668,970,591,2021-09-13,9/16/21,9/13/21,False
669,420,430,2025-03-27,3/30/25,3/30/25,False
670,298,492,2021-09-22,9/25/21,9/25/21,True
671,556,435,2023-05-06,5/9/23,5/11/23,False
672,13,858,2020-09-02,9/5/20,9/7/20,False
673,730,525,2021-03-06,3/9/21,3/12/21,True
674,628,245,2020-01-28,1/31/20,2/1/20,True
675,80,885,2024-04-12,4/15/24,4/15/24,False
676,314,907,2021-08-14,8/17/21,8/17/21,False
677,547,740,2025-05-18,5/21/25,5/18/25,False
678,244,177,2022-07-23,7/26/22,7/29/22,False
679,922,767,2023-06-21,6/24/23,6/23/23,False
680,46,978,2021-03-31,4/3/21,4/5/21,True
681,645,805,2022-10-22,10/25/22,10/25/22,False
682,844,97,2025-01-25,1/28/25,1/29/25,False
683,182,713,2025-06-18,6/21/25,6/18/25,False
684,120,639,2023-09-15,9/18/23,9/21/23,False
685,814,634,2023-02-13,2/16/23,2/15/23,False
686,84,266,2024-09-23,9/26/24,9/27/24,False
687,442,742,2023-05-21,5/24/23,5/27/23,False
688,983,892,2023-07-14,7/17/23,7/20/23,True
689,54,550,2021-05-20,5/23/21,5/21/21,False
690,712,105,2023-04-13,4/16/23,4/13/23,True
691,341,178,2024-07-07,7/10/24,7/13/24,False
692,322,456,2024-11-21,11/24/24,11/23/24,False
693,618,117,2023-01-05,1/8/23,1/6/23,True
694,650,226,2022-04-03,4/6/22,4/5/22,True
695,320,684,2023-03-26,3/29/23,3/29/23,True
696,928,156,2025-04-21,4/24/25,4/21/25,False
697,265,469,2020-04-19,4/22/20,4/24/20,True
698,466,923,2021-01-23,1/26/21,1/27/21,True
699,767,849,2024-04-01,4/4/24,4/5/24,True
700,72,702,2025-06-22,6/25/25,6/25/25,True
701,382,323,2023-08-09,8/12/23,8/11/23,True
702,983,333,2020-12-26,12/29/20,12/28/20,True
703,489,30,2025-07-10,7/13/25,7/11/25,True
704,40,967,2022-03-19,3/22/22,3/19/22,True
705,971,3,2022-09-26,9/29/22,10/2/22,False
706,192,501,2022-05-03,5/6/22,5/7/22,True
707,451,755,2023-01-08,1/11/23,1/11/23,False
708,746,230,2023-01-11,1/14/23,1/17/23,False
709,173,60,2020-02-25,2/28/20,2/27/20,True
710,705,981,2022-09-23,9/26/22,9/28/22,False
711,776,518,2022-07-19,7/22/22,7/24/22,True
712,141,238,2022-09-20,9/23/22,9/24/22,False
713,592,625,2024-08-06,8/9/24,8/12/24,True
714,688,666,2022-04-19,4/22/22,4/23/22,False
715,15,43,2023-12-11,12/14/23,12/11/23,False
716,162,507,2025-04-19,4/22/25,4/20/25,True
717,180,788,2025-06-20,6/23/25,6/22/25,False
718,539,493,2023-11-30,12/3/23,12/5/23,True
719,632,313,2023-01-31,2/3/23,2/1/23,True
720,567,582,2024-04-15,4/18/24,4/20/24,True
721,369,357,2022-02-21,2/24/22,2/24/22,False
722,13,571,2024-02-22,2/25/24,2/27/24,False
723,716,183,2024-07-26,7/29/24,7/30/24,True
724,202,163,2024-08-26,8/29/24,8/28/24,False
725,51,779,2024-07-07,7/10/24,7/7/24,True
726,737,654,2025-08-10,8/13/25,8/14/25,True
727,401,228,2025-07-29,8/1/25,7/29/25,True
728,893,611,2023-08-25,8/28/23,8/25/23,False
729,981,139,2020-10-13,10/16/20,10/18/20,True
730,692,842,2020-02-12,2/15/20,2/14/20,True
731,994,295,2020-02-23,2/26/20,2/23/20,True
732,216,816,2025-01-31,2/3/25,2/5/25,True
733,643,631,2024-08-15,8/18/24,8/18/24,True
734,855,444,2025-04-10,4/13/25,4/12/25,False
735,757,902,2020-03-21,3/24/20,3/23/20,True
736,820,352,2020-12-09,12/12/20,12/11/20,True
737,638,297,2020-01-23,1/26/20,1/28/20,True
738,619,104,2025-06-14,6/17/25,6/18/25,False
739,286,576,2022-05-23,5/26/22,5/27/22,False
740,682,973,2020-04-07,4/10/20,4/7/20,True
741,796,892,2023-07-07,7/10/23,7/11/23,False
742,657,554,2024-12-18,12/21/24,12/18/24,True
743,901,610,2022-09-30,10/3/22,10/3/22,False
744,301,430,2024-08-30,9/2/24,8/30/24,False
745,674,822,2023-04-20,4/23/23,4/20/23,True
746,297,516,2021-01-31,2/3/21,2/3/21,False
747,274,581,2021-04-14,4/17/21,4/17/21,False
748,965,103,2023-06-02,6/5/23,6/3/23,True
749,401,972,2020-11-09,11/12/20,11/11/20,True
750,980,948,2021-06-18,6/21/21,6/23/21,False
751,764,535,2024-08-23,8/26/24,8/23/24,True
752,536,192,2025-04-09,4/12/25,4/9/25,True
753,663,461,2020-12-09,12/12/20,12/14/20,False
754,799,995,2020-11-11,11/14/20,11/15/20,True
755,185,978,2023-04-21,4/24/23,4/27/23,False
756,497,353,2025-02-06,2/9/25,2/9/25,True
757,828,310,2023-08-06,8/9/23,8/11/23,True
758,412,185,2024-02-08,2/11/24,2/11/24,False
759,292,656,2022-08-04,8/7/22,8/6/22,True
760,771,23,2023-04-05,4/8/23,4/10/23,True
761,755,160,2025-04-21,4/24/25,4/26/25,False
762,581,195,2021-12-01,12/4/21,12/7/21,True
763,119,310,2020-01-14,1/17/20,1/15/20,True
764,890,511,2020-03-25,3/28/20,3/31/20,False
765,500,669,2020-10-01,10/4/20,10/7/20,True
766,28,719,2020-03-28,3/31/20,4/2/20,False
767,430,255,2021-12-22,12/25/21,12/23/21,False
768,4,918,2021-12-02,12/5/21,12/3/21,True
769,149,842,2024-07-26,7/29/24,7/29/24,False
770,868,874,2020-11-12,11/15/20,11/12/20,True
771,992,623,2023-10-28,10/31/23,10/31/23,True
772,204,479,2024-09-24,9/27/24,9/26/24,True
773,872,819,2021-12-01,12/4/21,12/6/21,False
774,172,799,2020-04-22,4/25/20,4/28/20,False
775,113,538,2025-07-20,7/23/25,7/24/25,True
776,316,169,2021-09-26,9/29/21,9/30/21,True
777,564,895,2021-08-02,8/5/21,8/5/21,False
778,777,452,2024-03-11,3/14/24,3/13/24,True
779,668,662,2021-06-25,6/28/21,6/25/21,False
780,212,225,2020-08-24,8/27/20,8/24/20,False
781,691,163,2025-05-01,5/4/25,5/1/25,True
782,453,442,2021-12-05,12/8/21,12/9/21,False
783,78,970,2021-12-27,12/30/21,12/27/21,True
784,833,51,2020-06-13,6/16/20,6/17/20,True
785,621,185,2021-03-23,3/26/21,3/28/21,True
786,872,902,2021-12-09,12/12/21,12/11/21,True
787,967,536,2024-07-13,7/16/24,7/16/24,False
788,320,79,2020-08-06,8/9/20,8/7/20,True
789,220,387,2021-05-01,5/4/21,5/3/21,False
790,206,179,2021-12-12,12/15/21,12/15/21,True
791,879,787,2022-11-16,11/19/22,11/21/22,True
792,329,677,2022-05-05,5/8/22,5/8/22,True
793,421,257,2023-12-28,12/31/23,12/31/23,False
794,262,927,2024-08-22,8/25/24,8/25/24,True
795,845,83,2020-01-24,1/27/20,1/27/20,True
796,719,782,2022-06-30,7/3/22,7/4/22,False
797,973,716,2023-10-28,10/31/23,10/29/23,True
798,164,175,2024-02-23,2/26/24,2/24/24,False
799,235,610,2023-05-27,5/30/23,5/28/23,True
800,984,560,2023-11-03,11/6/23,11/4/23,True
801,590,933,2020-05-10,5/13/20,5/11/20,False
802,700,348,2022-07-22,7/25/22,7/25/22,False
803,395,550,2025-01-11,1/14/25,1/13/25,False
804,378,512,2021-04-15,4/18/21,4/20/21,True
805,29,946,2022-02-14,2/17/22,2/16/22,False
806,922,411,2023-09-23,9/26/23,9/26/23,False
807,996,520,2023-05-17,5/20/23,5/23/23,True
808,700,183,2023-01-15,1/18/23,1/18/23,True
809,415,356,2022-10-22,10/25/22,10/22/22,False
810,172,66,2021-05-02,5/5/21,5/6/21,True
811,521,234,2023-03-14,3/17/23,3/17/23,False
812,913,906,2022-09-19,9/22/22,9/20/22,False
813,274,977,2024-01-27,1/30/24,2/1/24,True
814,212,757,2022-07-29,8/1/22,8/3/22,False
815,212,504,2025-01-11,1/14/25,1/17/25,False
816,388,83,2025-06-23,6/26/25,6/24/25,False
817,288,906,2022-08-14,8/17/22,8/17/22,False
818,653,317,2025-04-02,4/5/25,4/5/25,False
819,605,130,2020-06-25,6/28/20,6/28/20,False
820,304,659,2021-03-30,4/2/21,3/30/21,False
821,24,74,2022-01-24,1/27/22,1/24/22,True
822,821,690,2021-05-31,6/3/21,6/5/21,True
823,643,537,2020-01-17,1/20/20,1/20/20,False
824,326,835,2024-04-11,4/14/24,4/16/24,False
825,745,892,2022-03-28,3/31/22,4/3/22,True
826,982,659,2022-04-23,4/26/22,4/28/22,False
827,422,497,2022-05-14,5/17/22,5/18/22,True
828,393,681,2022-06-30,7/3/22,7/1/22,False
829,992,527,2024-04-09,4/12/24,4/15/24,True
830,524,390,2021-04-16,4/19/21,4/17/21,True
831,912,443,2024-01-27,1/30/24,1/28/24,True
832,810,899,2023-10-20,10/23/23,10/24/23,True
833,158,162,2023-09-19,9/22/23,9/22/23,True
834,621,627,2023-02-01,2/4/23,2/7/23,True
835,649,764,2025-06-20,6/23/25,6/26/25,False
836,190,157,2021-11-12,11/15/21,11/15/21,True
837,150,518,2021-12-30,1/2/22,1/1/22,False
838,503,359,2023-07-09,7/12/23,7/11/23,True
839,878,532,2023-10-24,10/27/23,10/25/23,True
840,474,444,2024-02-03,2/6/24,2/4/24,False
841,399,736,2025-05-13,5/16/25,5/13/25,True
842,72,407,2021-04-14,4/17/21,4/17/21,True
843,231,755,2020-12-18,12/21/20,12/23/20,False
844,441,781,2022-06-21,6/24/22,6/22/22,True
845,67,401,2025-02-20,2/23/25,2/20/25,False
846,255,992,2024-04-09,4/12/24,4/10/24,False
847,400,511,2024-01-18,1/21/24,1/21/24,True
848,876,839,2024-07-23,7/26/24,7/26/24,False
849,820,761,2020-12-12,12/15/20,12/13/20,True
850,247,253,2023-05-26,5/29/23,5/29/23,True
851,486,549,2025-01-08,1/11/25,1/10/25,False
852,412,374,2022-09-25,9/28/22,9/28/22,False
853,752,535,2021-10-10,10/13/21,10/12/21,False
854,947,825,2022-08-30,9/2/22,8/30/22,False
855,6,528,2021-09-07,9/10/21,9/13/21,False
856,460,425,2023-03-13,3/16/23,3/19/23,False
857,253,390,2025-05-24,5/27/25,5/30/25,True
858,281,234,2022-05-11,5/14/22,5/15/22,True
859,606,177,2021-05-14,5/17/21,5/15/21,True
860,998,584,2021-06-22,6/25/21,6/27/21,False
861,373,488,2023-07-27,7/30/23,7/27/23,True
862,158,7,2022-02-11,2/14/22,2/14/22,True
863,191,134,2022-04-06,4/9/22,4/6/22,True
864,972,1000,2022-02-14,2/17/22,2/14/22,False
865,522,887,2023-08-13,8/16/23,8/14/23,False
866,488,670,2020-04-01,4/4/20,4/4/20,False
867,309,464,2024-10-09,10/12/24,10/13/24,True
868,565,464,2021-11-09,11/12/21,11/14/21,True
869,295,905,2021-12-17,12/20/21,12/19/21,True
870,968,471,2025-07-03,7/6/25,7/3/25,False
871,337,796,2020-05-29,6/1/20,6/1/20,True
872,569,956,2023-02-13,2/16/23,2/15/23,False
873,510,88,2023-04-26,4/29/23,5/1/23,False
874,767,355,2024-02-03,2/6/24,2/7/24,False
875,478,83,2022-01-19,1/22/22,1/21/22,False
876,422,350,2023-08-06,8/9/23,8/10/23,True
877,215,922,2022-01-13,1/16/22,1/15/22,False
878,499,232,2021-03-14,3/17/21,3/16/21,False
879,854,751,2020-10-22,10/25/20,10/22/20,False
880,488,102,2023-01-31,2/3/23,2/3/23,True
881,651,847,2024-06-13,6/16/24,6/15/24,True
882,10,747,2021-07-10,7/13/21,7/11/21,True
883,551,190,2021-05-04,5/7/21,5/9/21,True
884,904,153,2023-03-04,3/7/23,3/8/23,True
885,721,803,2025-02-18,2/21/25,2/24/25,False
886,789,176,2023-05-13,5/16/23,5/14/23,True
887,164,921,2021-12-29,1/1/22,1/1/22,True
888,584,480,2020-11-09,11/12/20,11/12/20,False
889,436,552,2020-11-23,11/26/20,11/25/20,False
890,770,723,2021-02-05,2/8/21,2/8/21,True
891,18,465,2021-02-02,2/5/21,2/3/21,False
892,372,13,2022-07-01,7/4/22,7/7/22,True
893,554,373,2023-05-31,6/3/23,6/4/23,False
894,318,311,2025-04-26,4/29/25,4/26/25,False
895,198,896,2025-07-06,7/9/25,7/12/25,False
896,447,973,2020-02-20,2/23/20,2/24/20,True
897,725,860,2021-09-16,9/19/21,9/19/21,False
898,986,495,2020-05-13,5/16/20,5/19/20,False
899,952,318,2024-02-21,2/24/24,2/22/24,True
900,396,988,2021-12-10,12/13/21,12/13/21,False
901,788,727,2020-08-28,8/31/20,8/30/20,False
902,811,182,2023-02-14,2/17/23,2/17/23,True
903,981,266,2022-03-14,3/17/22,3/19/22,False
904,447,854,2022-03-10,3/13/22,3/16/22,False
905,276,504,2024-10-23,10/26/24,10/29/24,True
906,357,137,2020-12-09,12/12/20,12/9/20,True
907,1,320,2024-12-08,12/11/24,12/9/24,True
908,89,960,2025-05-03,5/6/25,5/8/25,True
909,971,783,2022-01-20,1/23/22,1/23/22,False
910,794,750,2022-01-05,1/8/22,1/10/22,True
911,321,633,2024-10-14,10/17/24,10/19/24,True
912,486,223,2020-05-04,5/7/20,5/10/20,True
913,124,417,2022-09-12,9/15/22,9/17/22,False
914,546,564,2020-09-05,9/8/20,9/11/20,True
915,686,717,2024-11-22,11/25/24,11/22/24,True
916,177,210,2022-08-07,8/10/22,8/8/22,False
917,87,674,2020-11-20,11/23/20,11/20/20,False
918,639,937,2025-03-20,3/23/25,3/22/25,False
919,27,745,2021-05-27,5/30/21,5/30/21,True
920,481,622,2020-03-09,3/12/20,3/15/20,False
921,188,569,2024-01-14,1/17/24,1/20/24,False
922,572,174,2021-09-17,9/20/21,9/18/21,False
923,112,574,2024-06-04,6/7/24,6/10/24,True
924,42,7,2021-03-19,3/22/21,3/23/21,True
925,400,500,2025-02-17,2/20/25,2/17/25,False
926,458,92,2025-07-18,7/21/25,7/20/25,True
927,508,822,2025-02-20,2/23/25,2/23/25,False
928,264,325,2024-08-31,9/3/24,8/31/24,True
929,21,399,2020-02-23,2/26/20,2/26/20,True
930,794,858,2023-11-21,11/24/23,11/21/23,True
931,952,879,2023-04-04,4/7/23,4/9/23,True
932,433,571,2021-09-05,9/8/21,9/9/21,True
933,272,628,2025-07-15,7/18/25,7/16/25,False
934,769,791,2024-03-31,4/3/24,3/31/24,True
935,403,564,2022-02-09,2/12/22,2/10/22,False
936,131,133,2022-11-03,11/6/22,11/8/22,False
937,478,323,2020-06-05,6/8/20,6/10/20,True
938,163,830,2022-04-09,4/12/22,4/10/22,True
939,203,942,2023-07-06,7/9/23,7/12/23,True
940,901,9,2020-05-18,5/21/20,5/21/20,True
941,996,851,2024-03-08,3/11/24,3/14/24,False
942,783,107,2022-12-08,12/11/22,12/13/22,False
943,76,45,2024-11-16,11/19/24,11/16/24,False
944,525,824,2025-03-01,3/4/25,3/4/25,True
945,627,116,2020-09-25,9/28/20,9/27/20,False
946,680,724,2021-10-17,10/20/21,10/21/21,True
947,199,83,2025-04-05,4/8/25,4/10/25,True
948,714,213,2024-07-22,7/25/24,7/23/24,False
949,847,115,2024-05-16,5/19/24,5/20/24,False
950,462,487,2025-08-13,8/16/25,8/19/25,False
951,609,39,2021-11-01,11/4/21,11/5/21,True
952,718,733,2022-02-17,2/20/22,2/21/22,True
953,670,323,2025-01-30,2/2/25,2/3/25,False
954,243,631,2020-04-24,4/27/20,4/29/20,False
955,552,558,2021-08-26,8/29/21,8/31/21,True
956,778,401,2021-11-07,11/10/21,11/10/21,True
957,403,42,2023-12-21,12/24/23,12/23/23,False
958,288,687,2024-06-24,6/27/24,6/26/24,True
959,439,297,2021-07-17,7/20/21,7/23/21,False
960,357,759,2023-05-20,5/23/23,5/25/23,False
961,261,682,2025-02-19,2/22/25,2/19/25,False
962,669,982,2021-09-03,9/6/21,9/7/21,True
963,291,419,2022-06-16,6/19/22,6/20/22,True
964,927,826,2023-08-01,8/4/23,8/4/23,True
965,773,450,2024-03-17,3/20/24,3/17/24,False
966,56,899,2021-09-05,9/8/21,9/7/21,True
967,912,175,2025-03-06,3/9/25,3/6/25,True
968,359,772,2021-04-04,4/7/21,4/8/21,True
969,270,879,2021-12-30,1/2/22,1/1/22,True
970,744,100,2023-04-24,4/27/23,4/24/23,True
971,517,138,2025-01-04,1/7/25,1/5/25,True
972,202,854,2022-10-01,10/4/22,10/2/22,False
973,362,619,2020-12-12,12/15/20,12/13/20,True
974,449,766,2022-01-14,1/17/22,1/14/22,False
975,858,481,2022-06-03,6/6/22,6/8/22,True
976,460,855,2022-04-02,4/5/22,4/2/22,True
977,754,397,2020-06-17,6/20/20,6/19/20,True
978,48,659,2024-11-23,11/26/24,11/26/24,True
979,912,744,2023-08-07,8/10/23,8/7/23,False
980,946,24,2023-11-06,11/9/23,11/6/23,True
981,516,970,2025-07-23,7/26/25,7/23/25,False
982,69,883,2021-03-26,3/29/21,3/27/21,False
983,584,522,2023-03-01,3/4/23,3/5/23,False
984,799,48,2023-06-12,6/15/23,6/13/23,True
985,967,208,2021-12-01,12/4/21,12/2/21,False
986,35,700,2020-05-18,5/21/20,5/23/20,False
987,191,617,2020-03-06,3/9/20,3/7/20,True
988,710,311,2023-08-22,8/25/23,8/23/23,True
989,662,480,2023-06-23,6/26/23,6/25/23,True
990,393,898,2021-05-30,6/2/21,6/3/21,False
991,284,816,2022-06-30,7/3/22,6/30/22,False
992,820,845,2025-03-17,3/20/25,3/22/25,False
993,996,557,2022-11-08,11/11/22,11/9/22,True
994,575,236,2024-05-07,5/10/24,5/13/24,False
995,472,493,2023-11-27,11/30/23,11/28/23,False
996,285,38,2020-07-03,7/6/20,7/9/20,False
997,993,114,2020-01-26,1/29/20,1/26/20,True
998,133,209,2023-12-19,12/22/23,12/21/23,True
999,242,768,2022-09-13,9/16/22,9/16/22,False
1000,924,419,2024-07-13,7/16/24,7/13/24,True
